<?xml version='1.0'?>
<home version='5500' exportFlags='27' name='nordlinglab model.sh3d' structure='HomeStructure/Home.obj' camera='topCamera'>
  <environment groundColor='00A8A8A8' skyColor='00CCE4FC' lightColor='00D0D0D0'/>
  <observerCamera attribute='observerCamera' lens='PINHOLE' x='513.2161' y='131.27386' z='170.0' yaw='-4.6916113' pitch='0.5046092' fieldOfView='1.0995575' time='1530619200000'/>
  <camera attribute='topCamera' lens='PINHOLE' x='-56.68451' y='1058.2849' z='714.9932' yaw='66.57161' pitch='0.42079782' fieldOfView='1.0995575' time='1530619200000'/>
  <doorOrWindow catalogId='eTeks#openDoor' name='開著的門' creator='eTeks' model='1/model.obj' x='169.2191' y='287.8598' angle='4.712389' width='90.0' depth='66.88525' height='200.0' movable='false'/>
  <doorOrWindow catalogId='eTeks#door' name='門' creator='eTeks' model='3/model.obj' x='142.80412' y='197.8598' angle='4.712389' width='90.0' depth='15.467417' height='200.0' modelMirrored='true' movable='false'/>
  <doorOrWindow catalogId='OlaKristianHoff#window_shop' name='固定窗' creator='Ola-Kristian Hoff' model='5/window_shop.obj' x='323.295' y='-65.2' elevation='171.0' angle='3.1415927' width='100.0' depth='8.00075' height='40.0' movable='false'>
    <material name='Frame_in' color='FF000000'/>
    <material name='Frame_out' color='FF000000'/>
  </doorOrWindow>
  <doorOrWindow catalogId='eTeks#door' name='門' creator='eTeks' model='3/model.obj' x='474.47263' y='-114.06456' angle='1.5707964' width='90.0' depth='15.467417' height='211.0' modelMirrored='true' movable='false'/>
  <doorOrWindow catalogId='OlaKristianHoff#window_shop' name='固定窗' creator='Ola-Kristian Hoff' model='5/window_shop.obj' x='477.13925' y='-219.06456' elevation='171.0' angle='1.5707964' width='120.0' depth='8.00075' height='40.0' movable='false'>
    <material name='Frame_in' color='FF000000'/>
    <material name='Frame_out' color='FF000000'/>
  </doorOrWindow>
  <doorOrWindow catalogId='OlaKristianHoff#window_shop' name='固定窗' creator='Ola-Kristian Hoff' model='5/window_shop.obj' x='477.13925' y='-219.06456' elevation='131.0' angle='1.5707964' width='120.0' depth='8.00075' height='40.0' movable='false'>
    <material name='Frame_in' color='FF000000'/>
    <material name='Frame_out' color='FF000000'/>
  </doorOrWindow>
  <doorOrWindow catalogId='OlaKristianHoff#window_double_3x3' name='3 x 3 雙小視窗窗格' creator='Ola-Kristian Hoff' model='7/window_double_3x3.obj' x='140.00848' y='242.76007' elevation='200.0' angle='1.5707964' width='180.0' depth='8.258814' height='55.0' movable='false'/>
  <doorOrWindow catalogId='eTeks#sliderWindow126x200' name='平移窗' creator='eTeks' model='9/model.obj' x='1247.0996' y='130.77899' angle='1.5707964' width='188.0' depth='10.0807495' height='215.0' movable='false'/>
  <doorOrWindow catalogId='eTeks#sliderWindow126x200' name='平移窗' creator='eTeks' model='9/model.obj' x='1247.0996' y='130.78635' elevation='215.0' angle='1.5707964' width='188.0' depth='10.0807495' height='45.0' movable='false'/>
  <doorOrWindow catalogId='eTeks#sliderWindow126x200' name='平移窗' creator='eTeks' model='9/model.obj' x='1247.0996' y='-162.60086' angle='1.5707964' width='195.0' depth='10.0807495' height='215.0' movable='false'/>
  <doorOrWindow catalogId='eTeks#sliderWindow126x200' name='平移窗' creator='eTeks' model='9/model.obj' x='1247.0996' y='-162.70982' elevation='215.0' angle='1.5707964' width='195.0' depth='10.0807495' height='45.0' movable='false'/>
  <doorOrWindow catalogId='eTeks#door' name='門' creator='eTeks' model='3/model.obj' x='142.80415' y='-305.134' angle='4.712389' width='116.0' depth='15.467417' height='200.0' modelMirrored='true' movable='false'/>
  <doorOrWindow catalogId='OlaKristianHoff#window_double_3x3' name='3 x 3 雙小視窗窗格' creator='Ola-Kristian Hoff' model='7/window_double_3x3.obj' x='140.00851' y='-305.19644' elevation='200.0' angle='1.5707964' width='116.0' depth='8.258814' height='55.0' movable='false'/>
  <doorOrWindow catalogId='eTeks#sliderWindow126x200' name='平移窗' creator='eTeks' model='9/model.obj' x='154.09755' y='83.23828' elevation='80.0' angle='1.5707964' width='98.0' depth='10.0807495' height='120.0' movable='false'/>
  <doorOrWindow catalogId='eTeks#sliderWindow126x200' name='平移窗' creator='eTeks' model='9/model.obj' x='156.17754' y='83.16852' elevation='200.0' angle='4.712389' width='98.0' depth='10.0807495' height='60.0' movable='false'/>
  <doorOrWindow catalogId='eTeks#sliderWindow126x200' name='平移窗' creator='eTeks' model='9/model.obj' x='154.09753' y='-149.17459' elevation='200.0' angle='1.5707964' width='160.0' depth='10.0807495' height='60.0' movable='false'/>
  <doorOrWindow catalogId='eTeks#sliderWindow126x200' name='平移窗' creator='eTeks' model='9/model.obj' x='154.09753' y='-149.11856' elevation='80.0' angle='1.5707964' width='160.0' depth='10.0807495' height='120.0' movable='false'/>
  <pieceOfFurniture catalogId='Scopia#small_lavatory' name='洗臉盆' creator='Scopia' model='11/small_lavatory.obj' x='1184.1396' y='352.81805' elevation='50.0' angle='3.1415927' width='60.0' depth='50.0' height='34.4'/>
  <pieceOfFurniture catalogId='eTeks#fridgeFreezer' name='冰箱' creator='eTeks' model='13/model.obj' x='1175.245' y='-14.417877' angle='1.5707964' width='76.0' depth='72.0' height='180.0'>
    <material name='white' color='FF5E936F'/>
  </pieceOfFurniture>
  <pieceOfFurniture catalogId='eTeks#armchair' name='扶手椅' creator='eTeks' model='15/model.obj' x='371.526' y='-21.199997' width='85.0' depth='80.0' height='80.0'>
    <material name='iris' color='FF772A4A'/>
  </pieceOfFurniture>
  <pieceOfFurniture catalogId='eTeks#armchair' name='扶手椅' creator='eTeks' model='15/model.obj' x='218.63925' y='-21.199997' width='85.0' depth='80.0' height='80.0'>
    <material name='iris' color='FF772A4A'/>
  </pieceOfFurniture>
  <pieceOfFurniture catalogId='GdB#armchair2' name='扶手椅' creator='GdB' model='17/model.obj' x='449.32983' y='-27.199997' width='60.0' depth='68.0' height='93.0' modelRotation='0 -1 0 0 0 1 -1 0 0'>
    <material name='flwhite' color='FF0D18E2'/>
    <material name='lighttan' color='FFC6C6C6'/>
  </pieceOfFurniture>
  <pieceOfFurniture catalogId='Scopia#kids_desk_table' name='書桌' creator='Scopia' model='19/kids_desk_table.obj' x='1030.745' y='307.81805' angle='1.5707964' width='140.0' depth='70.0' height='73.0'/>
  <pieceOfFurniture catalogId='Scopia#kids_desk_table' name='書桌' creator='Scopia' model='19/kids_desk_table.obj' x='1030.745' y='162.85797' angle='1.5707964' width='140.0' depth='70.0' height='73.0'/>
  <pieceOfFurniture catalogId='LucaPresidente#comoCiliegio' name='櫻桃化妝櫃' creator='LucaPresidente' model='21/comoCiliegio.obj' x='1091.245' y='175.66415' angle='4.712389' width='176.0' depth='40.0' height='94.0' modelRotation='0 0 -1 0 1 0 1 0 0'>
    <material name='Line41_1' color='FFBEB9A0'/>
  </pieceOfFurniture>
  <pieceOfFurniture catalogId='Scopia#kids_desk_table' name='書桌' creator='Scopia' model='19/kids_desk_table.obj' x='860.745' y='307.81805' angle='4.712389' width='140.0' depth='70.0' height='73.0'/>
  <pieceOfFurniture catalogId='Scopia#kids_desk_table' name='書桌' creator='Scopia' model='19/kids_desk_table.obj' x='861.302' y='162.31805' angle='4.712389' width='140.0' depth='70.0' height='73.0'/>
  <pieceOfFurniture catalogId='Scopia#kids_desk_table' name='書桌' creator='Scopia' model='19/kids_desk_table.obj' x='590.94305' y='302.71805' angle='4.712389' width='150.0' depth='73.0' height='76.0'/>
  <pieceOfFurniture catalogId='Scopia#kids_desk_table' name='書桌' creator='Scopia' model='19/kids_desk_table.obj' x='592.6618' y='151.7078' angle='4.712389' width='152.0' depth='76.0' height='74.0'/>
  <pieceOfFurniture catalogId='Scopia#kids_desk_table' name='書桌' creator='Scopia' model='19/kids_desk_table.obj' x='517.94305' y='302.71805' angle='1.5707964' width='150.0' depth='73.0' height='76.0'/>
  <pieceOfFurniture catalogId='OlaKristianHoff#office_desk' name='桌子' creator='Ola-Kristian Hoff' model='23/office_desk.obj' x='341.88867' y='300.31805' angle='3.1415927' width='120.0' depth='65.0' height='70.0'>
    <material name='Desk' color='FFFFFFFF'/>
    <material name='Legs' color='FF000000'/>
  </pieceOfFurniture>
  <pieceOfFurniture catalogId='PeterSmolik#officeChair3' name='辦公椅' creator='Peter Smolik' model='25/officeChair3.obj' x='443.76154' y='306.01947' angle='4.712389' width='55.9' depth='56.4' height='107.0'/>
  <pieceOfFurniture catalogId='Scopia#kids_desk_table' name='書桌' creator='Scopia' model='19/kids_desk_table.obj' x='516.1618' y='161.71805' angle='1.5707964' width='132.0' depth='77.0' height='74.0'/>
  <pieceOfFurniture catalogId='eTeks#texturableBox' name='盒子' creator='eTeks' model='27/texturableBox.obj' x='1068.495' y='232.81805' angle='1.5707964' width='290.0' depth='5.5' height='120.0' color='FF33691E'/>
  <pieceOfFurniture catalogId='eTeks#texturableBox' name='盒子' creator='eTeks' model='27/texturableBox.obj' x='1030.4746' y='90.10797' angle='3.1415927' width='70.0' depth='5.5' height='120.0' color='FF33691E'/>
  <pieceOfFurniture catalogId='eTeks#texturableBox' name='盒子' creator='eTeks' model='27/texturableBox.obj' x='1030.6241' y='235.06805' angle='3.1415927' width='70.0' depth='5.5' height='120.0' color='FF33691E'/>
  <pieceOfFurniture catalogId='eTeks#texturableBox' name='盒子' creator='eTeks' model='27/texturableBox.obj' x='822.995' y='232.81805' angle='1.5707964' width='290.0' depth='5.5' height='120.0' color='FF33691E'/>
  <pieceOfFurniture catalogId='eTeks#texturableBox' name='盒子' creator='eTeks' model='27/texturableBox.obj' x='860.7617' y='235.06805' angle='3.1415927' width='70.0' depth='5.5' height='120.0' color='FF33691E'/>
  <pieceOfFurniture catalogId='eTeks#texturableBox' name='盒子' creator='eTeks' model='27/texturableBox.obj' x='860.57874' y='89.568054' angle='3.1415927' width='70.0' depth='5.5' height='120.0' color='FF33691E'/>
  <pieceOfFurniture catalogId='Scopia#kids_desk_table' name='書桌' creator='Scopia' model='19/kids_desk_table.obj' x='789.745' y='325.81805' angle='1.5707964' width='104.0' depth='61.0' height='75.0'/>
  <pieceOfFurniture catalogId='Scopia#kids_desk_table' name='書桌' creator='Scopia' model='19/kids_desk_table.obj' x='789.745' y='222.18936' angle='1.5707964' width='104.0' depth='61.0' height='75.0'/>
  <pieceOfFurniture catalogId='Scopia#kids_desk_table' name='書桌' creator='Scopia' model='19/kids_desk_table.obj' x='789.745' y='118.93436' angle='1.5707964' width='104.0' depth='61.0' height='76.0'/>
  <pieceOfFurniture catalogId='LucaPresidente#comoCiliegio' name='櫻桃化妝櫃' creator='LucaPresidente' model='21/comoCiliegio.obj' x='231.10779' y='129.84006' width='88.0' depth='42.0' height='93.0' modelRotation='0 0 -1 0 1 0 1 0 0'>
    <material name='Line41_1' color='FFBEB9A0'/>
  </pieceOfFurniture>
  <pieceOfFurniture catalogId='LucaPresidente#comoCiliegio' name='櫻桃化妝櫃' creator='LucaPresidente' model='21/comoCiliegio.obj' x='501.13928' y='-247.06456' angle='4.712389' width='176.0' depth='40.0' height='94.0' modelRotation='0 0 -1 0 1 0 1 0 0'>
    <material name='Line41_1' color='FFBEB9A0'/>
  </pieceOfFurniture>
  <doorOrWindow name='glass' model='29/glass.obj' x='155.13754' y='83.3342' angle='4.712389' width='98.0' depth='8.00075' height='67.0' movable='false'/>
  <doorOrWindow name='glass' model='29/glass.obj' x='155.13754' y='-149.0647' angle='4.712389' width='160.0' depth='8.00075' height='67.0' movable='false'/>
  <doorOrWindow catalogId='OlaKristianHoff#window_shop' name='固定窗' creator='Ola-Kristian Hoff' model='5/window_shop.obj' x='323.3389' y='-65.2' elevation='131.0' width='100.0' depth='8.00075' height='40.0' movable='false'>
    <material name='Frame_in' color='FF000000'/>
    <material name='Frame_out' color='FF000000'/>
  </doorOrWindow>
  <pieceOfFurniture name='ProjectionScreen' model='31/ProjectionScreen.obj' x='703.19226' y='371.6254' elevation='160.0' angle='3.1415927' width='200.0' depth='12.385306' height='100.0'>
    <material name='ScreenArea' color='FFF0F0F0'/>
  </pieceOfFurniture>
  <pieceOfFurniture catalogId='Geantick#glassDoorCabinet' name='玻璃門櫥櫃' creator='Geantick' model='33/model.obj' x='573.36224' y='-380.0819' angle='2.9175494E-8' width='90.0' depth='46.0' height='240.0'/>
  <pieceOfFurniture catalogId='PeterSmolik#futon' name='床' creator='Peter Smolik' model='35/futon.obj' x='419.63925' y='-308.0819' width='107.0' depth='190.0' height='28.0'/>
  <pieceOfFurniture catalogId='Geantick#glassDoorCabinet' name='玻璃門櫥櫃' creator='Geantick' model='33/model.obj' x='663.36224' y='-380.0819' angle='2.9175494E-8' width='90.0' depth='46.0' height='240.0'/>
  <pieceOfFurniture catalogId='Geantick#glassDoorCabinet' name='玻璃門櫥櫃' creator='Geantick' model='33/model.obj' x='753.36224' y='-380.0819' angle='2.9175494E-8' width='90.0' depth='46.0' height='240.0'/>
  <pieceOfFurniture catalogId='Geantick#glassDoorCabinet' name='玻璃門櫥櫃' creator='Geantick' model='33/model.obj' x='843.36224' y='-380.0819' angle='2.9175494E-8' width='90.0' depth='46.0' height='240.0'/>
  <pieceOfFurniture catalogId='Scopia#wooden_table_office' name='桌子' creator='Scopia' model='37/wooden_table_office.obj' x='978.36224' y='-373.08188' width='180.0' depth='60.0' height='75.0'/>
  <pieceOfFurniture name='standing table' model='39/untitled.obj' x='676.91125' y='-67.67386' angle='0.2617995' width='138.0' depth='90.0' height='78.1'>
    <material name='None'>
      <texture name='木地板' creator='eTeks' catalogId='eTeks#woodenFloor' width='42.5' height='42.5' image='40'/>
    </material>
  </pieceOfFurniture>
  <pieceOfFurniture name='standing table' model='39/untitled.obj' x='644.15515' y='-157.49437' angle='2.3561945' width='138.0' depth='90.0' height='78.1'>
    <material name='None'>
      <texture name='木地板' creator='eTeks' catalogId='eTeks#woodenFloor' width='42.5' height='42.5' image='40'/>
    </material>
  </pieceOfFurniture>
  <pieceOfFurniture name='standing table' model='39/untitled.obj' x='779.1461' y='-114.27478' angle='4.9741883' width='138.0' depth='90.0' height='78.1'>
    <material name='None'>
      <texture name='木地板' creator='eTeks' catalogId='eTeks#woodenFloor' width='42.5' height='42.5' image='40'/>
    </material>
  </pieceOfFurniture>
  <pieceOfFurniture name='standing table' model='39/untitled.obj' x='738.79755' y='-227.15704' angle='3.403392' width='138.0' depth='90.0' height='78.1'>
    <material name='None'>
      <texture name='木地板' creator='eTeks' catalogId='eTeks#woodenFloor' width='42.5' height='42.5' image='40'/>
    </material>
  </pieceOfFurniture>
  <pieceOfFurniture name='standing table' model='39/untitled.obj' x='1043.6823' y='-230.80023' angle='3.6651917' width='138.0' depth='90.0' height='78.1'>
    <material name='None'>
      <texture name='木地板' creator='eTeks' catalogId='eTeks#woodenFloor' width='42.5' height='42.5' image='40'/>
    </material>
  </pieceOfFurniture>
  <pieceOfFurniture name='standing table' model='39/untitled.obj' x='956.26056' y='-173.78629' angle='1.8325958' width='138.0' depth='90.0' height='78.1'>
    <material name='None'>
      <texture name='木地板' creator='eTeks' catalogId='eTeks#woodenFloor' width='42.5' height='42.5' image='40'/>
    </material>
  </pieceOfFurniture>
  <pieceOfFurniture name='standing table' model='39/untitled.obj' x='986.45496' y='-60.417603' angle='0.2617994' width='138.0' depth='90.0' height='78.1'>
    <material name='None'>
      <texture name='木地板' creator='eTeks' catalogId='eTeks#woodenFloor' width='42.5' height='42.5' image='40'/>
    </material>
  </pieceOfFurniture>
  <pieceOfFurniture name='standing table' model='39/untitled.obj' x='1087.0227' y='-119.15175' angle='4.9741883' width='138.0' depth='90.0' height='78.1'>
    <material name='None'>
      <texture name='木地板' creator='eTeks' catalogId='eTeks#woodenFloor' width='42.5' height='42.5' image='40'/>
    </material>
  </pieceOfFurniture>
  <pieceOfFurniture catalogId='LucaPresidente#comoCiliegio' name='櫻桃化妝櫃' creator='LucaPresidente' model='21/comoCiliegio.obj' x='264.23926' y='-383.0819' width='176.0' depth='40.0' height='90.0' modelRotation='0 0 -1 0 1 0 1 0 0'>
    <material name='Line41_1' color='FFBEB9A0'/>
  </pieceOfFurniture>
  <pieceOfFurniture catalogId='LucaPresidente#comoCiliegio' name='櫻桃化妝櫃' creator='LucaPresidente' model='21/comoCiliegio.obj' x='264.13925' y='-383.18192' elevation='90.0' width='176.0' depth='40.0' height='90.0' modelRotation='0 0 -1 0 1 0 1 0 0'>
    <material name='Line41_1' color='FFBEB9A0'/>
  </pieceOfFurniture>
  <pieceOfFurniture catalogId='LucaPresidente#comoCiliegio' name='櫻桃化妝櫃' creator='LucaPresidente' model='21/comoCiliegio.obj' x='264.13925' y='-383.18192' elevation='180.0' width='176.0' depth='40.0' height='90.0' modelRotation='0 0 -1 0 1 0 1 0 0'>
    <material name='Line41_1' color='FFBEB9A0'/>
  </pieceOfFurniture>
  <pieceOfFurniture catalogId='Scopia#kids_desk_table' name='書桌' creator='Scopia' model='19/kids_desk_table.obj' x='211.13792' y='-99.7' angle='3.1415927' width='104.0' depth='61.0' height='76.0'/>
  <pieceOfFurniture catalogId='Kator Legaz#filing-cabinet' name='檔案櫃' creator='Kator Legaz' model='42/filing-cabinet.obj' x='286.38794' y='-100.2' angle='3.1415927' width='46.5' depth='62.0' height='70.0'/>
  <pieceOfFurniture catalogId='Kator Legaz#filing-cabinet' name='檔案櫃' creator='Kator Legaz' model='42/filing-cabinet.obj' x='286.38794' y='-100.2' elevation='70.0' angle='3.1415927' width='46.5' depth='62.0' height='70.0'/>
  <pieceOfFurniture catalogId='Kator Legaz#filing-cabinet' name='檔案櫃' creator='Kator Legaz' model='42/filing-cabinet.obj' x='332.13794' y='-100.2' elevation='67.0' angle='3.1415927' width='45.0' depth='62.0' height='67.0'/>
  <pieceOfFurniture catalogId='Kator Legaz#filing-cabinet' name='檔案櫃' creator='Kator Legaz' model='42/filing-cabinet.obj' x='332.13794' y='-100.2' angle='3.1415927' width='45.0' depth='62.0' height='67.0'/>
  <doorOrWindow catalogId='eTeks#fixedWindow85x123' name='固定窗' creator='eTeks' model='44/model.obj' x='1248.1396' y='293.90613' elevation='208.0' angle='4.712389' width='78.0' depth='8.00075' height='55.0' movable='false'/>
  <doorOrWindow catalogId='eTeks#fixedWindow85x123' name='固定窗' creator='eTeks' model='44/model.obj' x='1248.1396' y='-324.11313' elevation='208.0' angle='1.5707964' width='78.0' depth='8.00075' height='55.0' movable='false'/>
  <pieceOfFurniture catalogId='Scopia#internal-unity-air-conditioning' name='空調冷氣機' creator='Scopia' model='46/internal-unity-air-conditioning.obj' x='1201.2396' y='-9.883636' elevation='230.0' angle='1.5707964' width='110.0' depth='19.800001' height='40.0' movable='false'/>
  <pieceOfFurniture catalogId='Scopia#internal-unity-air-conditioning' name='空調冷氣機' creator='Scopia' model='46/internal-unity-air-conditioning.obj' x='1204.2396' y='-348.1819' elevation='230.0' angle='1.5707964' width='110.0' depth='19.800001' height='40.0' movable='false'/>
  <pieceOfFurniture catalogId='Scopia#indoor-bike' name='健身自行車' creator='Scopia' model='48/indoor-bike.obj' x='282.22' y='-202.02905' angle='4.712389' width='71.8' depth='101.200005' height='131.3'/>
</home>